id;check_number;check_issuer;account_number;check_date;recipient;date_of_signature;payment_method;amount;expected_payment_date;date_payment_made;status;currency;created_at
1;chef paf;minuscule très;hors de de manière à ce que adepte;2024-04-20T09:34:08;amorphe;2024-04-19T14:47:10;DEBIT;au point que vis-à-vie de amener;2024-04-19T23:04:18;2024-04-20T04:51:38;DONE;autrefois commis efficace;2024-04-20T06:38:14
2;lever au-dehors;très dispenser;atchoum orange;2024-04-20T01:01:35;boum donner presque;2024-04-19T17:32:58;CASH;si bien que magnifique;2024-04-19T15:20:29;2024-04-19T21:23:16;DONE;envers patientèle;2024-04-19T15:59:17
3;personnel professionnel;ha clientèle de crainte que;de façon que;2024-04-19T17:26:41;projeter de sorte que immense;2024-04-19T20:19:26;CHECK;dynamique créer;2024-04-19T11:20:37;2024-04-20T09:56:16;IN_PROGRESS;contenter;2024-04-20T01:54:34
4;répartir recta à force de;conseil municipal pin-pon;du moment que recta;2024-04-19T10:49:01;avant-hier vu que;2024-04-19T20:49:38;DEBIT;bzzz racheter;2024-04-20T00:26:15;2024-04-20T05:49:14;REJECTED;feindre;2024-04-20T05:54:08
5;céans errer après;tendre puisque consoler;ouch pour que;2024-04-20T01:40:44;durant prout tant que;2024-04-19T15:20:55;CASH;annoncer à l'insu de ça;2024-04-20T08:46:14;2024-04-20T09:39:19;IN_PROGRESS;bof consentir en decà de;2024-04-20T08:09:23
6;tellement échapper ici;dessous antagoniste d'avec;broum ouille;2024-04-19T11:27:20;prestataire de services étonner conseil d’administration;2024-04-20T05:37:23;CASH;quoique;2024-04-20T07:51:25;2024-04-20T08:34:46;REJECTED;déplacer naguère;2024-04-20T07:15:53
7;éclater clientèle souhaiter;hi;obliger oui;2024-04-20T06:52:10;ranger hypocrite de façon à ce que;2024-04-20T04:04:40;DEBIT;hôte;2024-04-19T11:37:53;2024-04-19T18:48:13;IN_PROGRESS;dans population du Québec alors que;2024-04-20T07:34:31
8;considérable après que;toc-toc grandement rédaction;promouvoir à peu près;2024-04-19T20:38:24;tsoin-tsoin;2024-04-19T11:06:49;DEBIT;diplomate ouin coucher;2024-04-20T07:17:40;2024-04-19T19:31:11;REJECTED;moyennant;2024-04-20T08:21:39
9;consacrer;vouh au moyen de poser;toc-toc membre du personnel;2024-04-19T12:28:50;de sorte que quand;2024-04-19T19:22:54;CHECK;convaincre police orange;2024-04-20T06:53:18;2024-04-20T06:26:59;IN_PROGRESS;demain sombre;2024-04-20T04:59:59
10;au cas où;sauf dessous inscrire;cocorico comment assigner;2024-04-20T01:21:15;de façon que si bien que prestataire de services;2024-04-19T15:59:58;CASH;du côté de frotter;2024-04-20T03:31:14;2024-04-19T18:19:37;DONE;avant que;2024-04-19T18:58:20
